name,title,attack,defense,magic,difficulty,group,x,y,w,h,tag1,tag2,partype,hp,hpperlevel,mp,mpperlevel,movespeed,armour,armourperlevel,spellblock,spellblockperlevel,attackrange,hpregen,hpregenperlevel,mpregen,mpregenperlevel,attackdamage,attackdamageperlevel,attackspeedperlevel,attackspeed
Aatrox,the Darkin Blade,8,4,3,4,champion,0,0,48,48,Fighter,Tank,Blood Well,650,104,0,0,345,38,4.45,32,2.05,175,3,1,0,0,60,5,2.5,0.651
Ahri,the Nine-Tailed Fox,3,4,8,5,champion,48,0,48,48,Mage,Assassin,Mana,570,96,418,25,330,18,4.7,30,1.3,550,2.5,0.6,8,0.8,53,3,2,0.668
Akali,the Rogue Assassin,5,3,8,7,champion,96,0,48,48,Assassin,,Energy,570,119,200,0,345,23,4.7,37,2.05,125,9,0.9,50,0,62,3.3,3.2,0.625
Akshan,the Rogue Sentinel,0,0,0,0,champion,144,0,48,48,Marksman,Assassin,Mana,630,104,350,40,330,26,4.2,30,1.3,500,3.75,0.65,8.175,0.7,52,3.5,4,0.638
Alistar,the Minotaur,6,9,5,7,champion,192,0,48,48,Tank,Support,Mana,670,120,350,40,330,44,4.7,32,2.05,125,8.5,0.85,8.5,0.8,62,3.75,2.125,0.625
Amumu,the Sad Mummy,2,6,8,3,champion,240,0,48,48,Tank,Mage,Mana,685,89,285,40,335,30,4.2,32,2.05,125,9,0.85,7.38,0.53,53,3.8,2.18,0.736
Anivia,the Cryophoenix,1,4,10,10,champion,288,0,48,48,Mage,Support,Mana,550,96,495,45,325,21,5.2,30,1.3,600,5.5,0.55,8,0.8,51,3.2,1.68,0.625
Annie,the Dark Child,2,3,10,6,champion,336,0,48,48,Mage,,Mana,594,102,418,25,335,19,5.2,30,1.3,625,5.5,0.55,8,0.8,50,2.63,1.36,0.579
Aphelios,the Weapon of the Faithful,6,2,1,10,champion,384,0,48,48,Marksman,,Mana,580,102,348,42,325,26,4.2,30,1.3,550,3.25,0.55,6.5,0.4,55,3,2.1,0.64
Ashe,the Frost Archer,7,3,2,4,champion,432,0,48,48,Marksman,Support,Mana,640,101,280,32,325,26,4.6,30,1.3,600,3.5,0.55,6.97,0.4,59,2.96,3.33,0.658
Aurelion Sol,The Star Forger,2,3,8,7,champion,0,48,48,48,Mage,,Mana,645,106,350,50,325,19,4.8,30,1.3,550,7,0.6,6,0.8,57,3.2,1.36,0.625
Azir,the Emperor of the Sands,6,3,8,9,champion,48,48,48,48,Mage,Marksman,Mana,622,119,480,21,335,19,4.2,30,1.3,525,7,0.75,8,0.8,52,2.8,3,0.625
Bard,the Wandering Caretaker,4,4,5,9,champion,96,48,48,48,Support,Mage,Mana,630,103,350,50,330,34,5.2,30,1.3,500,5.5,0.55,6,0.45,52,3,2,0.625
Blitzcrank,the Great Steam Golem,4,8,5,4,champion,144,48,48,48,Tank,Fighter,Mana,653,109,267,40,325,40,4.7,32,2.05,125,7.5,0.75,8.5,0.8,62,3.5,1.13,0.625
Brand,the Burning Vengeance,2,2,9,4,champion,192,48,48,48,Mage,,Mana,590,102,469,21,340,22,4.7,30,1.3,550,5.5,0.55,10.67,0.6,57,3,1.36,0.625
Braum,the Heart of the Freljord,3,9,4,3,champion,240,48,48,48,Support,Tank,Mana,610,112,311,45,335,47,5.2,32,2.05,125,8.5,1,6,0.8,55,3.2,3.5,0.644
Caitlyn,the Sheriff of Piltover,8,2,2,6,champion,288,48,48,48,Marksman,,Mana,580,107,315,35,325,28,4.7,30,1.3,650,3.5,0.55,7.4,0.55,62,3.4,4,0.681
Camille,the Steel Shadow,8,6,3,4,champion,336,48,48,48,Fighter,Tank,Mana,646,99,339,52,340,35,5,32.1,2.05,125,8.5,0.8,8.15,0.75,68,3.5,2.5,0.644
Cassiopeia,the Serpent's Embrace,2,3,9,10,champion,384,48,48,48,Mage,,Mana,630,104,350,60,328,18,4.7,32,1.3,550,5.5,0.5,8,0.8,53,3,1.5,0.647
Cho'Gath,the Terror of the Void,3,7,7,5,champion,432,48,48,48,Tank,Mage,Mana,644,94,270,60,345,38,4.7,32,2.05,125,9,0.85,7.2,0.45,69,4.2,1.44,0.625
Corki,the Daring Bombardier,8,3,6,6,champion,0,96,48,48,Marksman,,Mana,588,101,350,54,325,28,4.7,30,1.3,550,5.5,0.55,7.42,0.55,55,2.5,2.3,0.638
Darius,the Hand of Noxus,9,5,1,2,champion,48,96,48,48,Fighter,Tank,Mana,652,114,263,57.5,340,39,5.2,32,2.05,175,10,0.95,6.6,0.35,64,5,1,0.625
Diana,Scorn of the Moon,7,6,8,4,champion,96,96,48,48,Fighter,Mage,Mana,640,109,375,25,345,31,4.3,32,2.05,150,6.5,0.85,8,0.8,57,3,2.25,0.625
Draven,the Glorious Executioner,9,3,1,8,champion,144,96,48,48,Marksman,,Mana,675,104,360.56,39,330,29,4.5,30,1.3,550,3.75,0.7,8.04,0.65,62,3.61,2.7,0.679
Dr. Mundo,the Madman of Zaun,5,7,6,5,champion,192,96,48,48,Fighter,Tank,None,653,103,0,0,345,32,4.2,32,2.05,125,6.5,0.75,0,0,61,3.5,3.3,0.72
Ekko,the Boy Who Shattered Time,5,3,7,8,champion,240,96,48,48,Assassin,Fighter,Mana,655,99,280,70,340,32,4.2,32,2.05,125,9,0.9,7,0.8,58,3,3.3,0.688
Elise,the Spider Queen,6,5,7,9,champion,288,96,48,48,Mage,Fighter,Mana,625,107,324,50,330,27,5.2,30,1.3,550,5.5,0.6,6,0.8,55,3,1.75,0.625
Evelynn,Agony's Embrace,4,2,7,10,champion,336,96,48,48,Assassin,Mage,Mana,642,98,315,42,335,37,4.7,32.1,2.05,125,8.5,0.75,8.11,0.6,61,3,2.1,0.667
Ezreal,the Prodigal Explorer,7,2,6,7,champion,384,96,48,48,Marksman,Mage,Mana,600,102,375,70,325,24,4.7,30,1.3,550,4,0.65,8.5,0.65,60,2.5,2.5,0.625
Fiddlesticks,the Ancient Fear,2,3,9,9,champion,432,96,48,48,Mage,Support,Mana,650.4,106,500,28,335,34,4.7,30,1.3,480,5.5,0.6,8,0.8,55.36,2.63,2.11,0.625
Fiora,the Grand Duelist,10,4,2,3,champion,0,0,48,48,Fighter,Assassin,Mana,620,99,300,60,345,33,4.7,32,2.05,150,8.5,0.55,8,0.7,68,3.3,3.2,0.69
Fizz,the Tidal Trickster,6,4,7,6,champion,48,0,48,48,Assassin,Fighter,Mana,640,112,317,37,335,22,4.6,32,2.05,175,8,0.7,6,0.8,58,3,3.1,0.658
Galio,the Colossus,1,10,6,5,champion,96,0,48,48,Tank,Mage,Mana,632,126,500,40,335,24,4.7,32,2.05,150,8,0.8,9.5,0.7,59,3.5,1.5,0.625
Gangplank,the Saltwater Scourge,7,6,4,9,champion,144,0,48,48,Fighter,,Mana,640,104,280,60,345,35,4.2,32,2.05,125,6,0.6,7.5,0.7,64,4,3.2,0.658
Garen,The Might of Demacia,7,7,1,5,champion,192,0,48,48,Fighter,Tank,None,690,98,0,0,340,36,4.2,32,1.55,175,8,0.5,0,0,66,4.5,3.65,0.625
Gnar,the Missing Link,6,5,5,8,champion,240,0,48,48,Fighter,Tank,Rage,580,79,100,0,335,32,3.7,30,1.3,175,4.5,1.75,0,0,57,3,6,0.625
Gragas,the Rabble Rouser,4,7,6,5,champion,288,0,48,48,Fighter,Mage,Mana,670,109,400,47,330,38,4.8,32,2.05,125,5.5,0.5,6,0.8,64,3.5,2.05,0.675
Graves,the Outlaw,8,5,3,3,champion,336,0,48,48,Marksman,,Mana,625,106,325,40,340,33,4.6,32,2.05,425,8,0.7,8,0.7,68,4,2.6,0.475
Gwen,The Hallowed Seamstress,7,4,5,5,champion,384,0,48,48,Fighter,Assassin,Mana,660,109,330,40,340,39,5.2,32,2.05,150,8.5,0.55,7.5,0.7,63,3,2.25,0.69
Hecarim,the Shadow of War,8,6,4,6,champion,432,0,48,48,Fighter,Tank,Mana,650,104,277,60,345,35,5.45,32,2.05,175,7,0.75,6.5,0.6,66,3.2,2.5,0.67
Heimerdinger,the Revered Inventor,2,6,8,8,champion,0,48,48,48,Mage,Support,Mana,558,101,385,20,340,19,4.2,30,1.3,550,7,0.55,8,0.8,56,2.7,1.36,0.625
Illaoi,the Kraken Priestess,8,6,3,4,champion,48,48,48,48,Fighter,Tank,Mana,656,109,300,50,350,35,5,32,2.05,125,9.5,0.8,7.5,0.75,68,5,2.5,0.625
Irelia,the Blade Dancer,7,4,5,5,champion,96,48,48,48,Fighter,Assassin,Mana,590,124,350,50,335,36,4.2,28,2.05,200,8.5,0.85,8,0.8,65,4,2.5,0.656
Ivern,the Green Father,3,5,7,7,champion,144,48,48,48,Support,Mage,Mana,655,99,450,60,330,27,4.7,32,2.05,475,7,0.85,6,0.75,50,3,3.4,0.644
Janna,the Storm's Fury,3,5,7,7,champion,192,48,48,48,Support,Mage,Mana,570,84,350,64,325,28,5,30,1.3,500,5.5,0.55,11.5,0.4,52,3,3,0.625
Jarvan IV,the Exemplar of Demacia,6,8,3,5,champion,240,48,48,48,Tank,Fighter,Mana,640,104,300,40,340,34,4.8,32,2.05,175,8,0.7,6.5,0.45,64,3.4,2.5,0.658
Jax,Grandmaster at Arms,7,5,7,5,champion,288,48,48,48,Fighter,Assassin,Mana,685,99,339,52,350,36,4.2,32,2.05,125,8.5,0.55,7.58,0.7,68,4.25,3.4,0.638
Jayce,the Defender of Tomorrow,8,4,3,7,champion,336,48,48,48,Fighter,Marksman,Mana,590,109,375,45,335,22,5,30,1.3,125,6,0.6,6,0.8,54,4.25,3,0.658
Jhin,the Virtuoso,10,2,6,6,champion,384,48,48,48,Marksman,Mage,Mana,655,107,300,50,330,24,4.7,30,1.3,550,3.75,0.55,6,0.8,59,4.7,0,0.625
Jinx,the Loose Cannon,9,2,4,6,champion,432,48,48,48,Marksman,,Mana,630,100,245,45,325,26,4.7,30,1.3,525,3.75,0.5,6.7,1,57,3.4,1,0.625
Kai'Sa,Daughter of the Void,8,5,3,6,champion,0,96,48,48,Marksman,,Mana,670,102,344.88,38,335,28,4.2,30,1.3,525,3.5,0.55,8.2,0.45,59,2,1.8,0.644
Kalista,the Spear of Vengeance,8,2,4,7,champion,48,96,48,48,Marksman,,Mana,604,114,300,45,330,24,5.2,30,1.3,525,3.75,0.55,6.3,0.4,69,3.5,4.5,0.694
Karma,the Enlightened One,1,7,8,5,champion,96,96,48,48,Mage,Support,Mana,604,109,374,50,335,28,5,30,1.3,525,5.5,0.55,13,0.5,51,3.3,2.3,0.625
Karthus,the Deathsinger,2,2,10,7,champion,144,96,48,48,Mage,,Mana,620,101,467,30.5,335,18,4.7,30,1.3,450,6.5,0.55,8,0.8,46,3.25,2.11,0.625
Kassadin,the Void Walker,3,5,8,8,champion,192,96,48,48,Assassin,Mage,Mana,646,119,400,87,335,19,4,30,1.3,150,6,0.5,6,0.8,59,3.9,3.7,0.64
Katarina,the Sinister Blade,4,3,9,8,champion,240,96,48,48,Assassin,Mage,None,672,108,0,0,335,28,4.7,32,2.05,125,7.5,0.7,0,0,58,3.2,2.74,0.658
Kayle,the Righteous,6,6,7,7,champion,288,96,48,48,Fighter,Support,Mana,670,99,330,50,335,26,4.2,26,1.3,175,5,0.5,8,0.8,50,2.5,1.5,0.625
Kayn,the Shadow Reaper,10,6,1,8,champion,336,96,48,48,Fighter,Assassin,Mana,655,99,410,50,340,38,4.5,32,2.05,175,8,0.75,11.5,0.95,68,3.3,2.7,0.669
Kennen,the Heart of the Tempest,6,4,7,4,champion,384,96,48,48,Mage,Marksman,Energy,611,98,200,0,335,29,4.95,30,1.3,550,5.5,0.65,50,0,48,3.75,3.4,0.625
Kha'Zix,the Voidreaver,9,4,3,6,champion,432,96,48,48,Assassin,,Mana,643,99,327,40,350,36,4.2,32,2.05,125,7.5,0.75,7.59,0.5,63,3.1,2.7,0.668
Kindred,The Eternal Hunters,8,2,2,4,champion,0,0,48,48,Marksman,,Mana,610,99,300,35,325,29,4.7,30,1.3,500,7,0.55,7,0.4,65,2.5,3.5,0.625
Kled,the Cantankerous Cavalier,8,2,2,7,champion,48,0,48,48,Fighter,Tank,Courage,410,84,100,0,345,35,5.2,28,2.05,125,6,0.75,0,0,65,3.5,3.5,0.625
Kog'Maw,the Mouth of the Abyss,8,2,5,6,champion,96,0,48,48,Marksman,Mage,Mana,635,99,325,40,330,24,4.45,30,1.3,500,3.75,0.55,8.75,0.7,61,3.11,2.65,0.665
LeBlanc,the Deceiver,1,4,10,9,champion,144,0,48,48,Assassin,Mage,Mana,598,111,334,50,340,22,4.7,30,1.3,525,7.5,0.55,6,0.8,55,3.5,1.4,0.625
Lee Sin,the Blind Monk,8,5,3,6,champion,192,0,48,48,Fighter,Assassin,Energy,645,99,200,0,345,36,4.9,32,2.05,125,7.5,0.7,50,0,66,3.7,3,0.651
Leona,the Radiant Dawn,4,8,3,4,champion,240,0,48,48,Tank,Support,Mana,646,101,302,40,335,47,4.8,32,2.05,125,8.5,0.85,6,0.8,60,3,2.9,0.625
Lillia,the Bashful Bloom,0,2,10,8,champion,288,0,48,48,Fighter,Mage,Mana,650,104,410,50,330,22,5.2,32,1.55,325,2.5,0.55,11.5,0.95,61,3.1,2.7,0.625
Lissandra,the Ice Witch,2,5,8,6,champion,336,0,48,48,Mage,,Mana,620,104,475,30,325,22,4.9,30,1.3,550,7,0.55,8,0.4,55,2.7,1.36,0.656
Lucian,the Purifier,8,5,3,6,champion,384,0,48,48,Marksman,,Mana,641,100,348.88,38,335,28,4.2,30,1.3,500,3.75,0.65,8.18,0.7,62,2.9,3.3,0.638
Lulu,the Fae Sorceress,4,5,7,5,champion,432,0,48,48,Support,Mage,Mana,595,88,350,55,330,29,4.9,30,1.3,550,6,0.6,11,0.6,47,2.6,2.25,0.625
Lux,the Lady of Luminosity,2,4,9,5,champion,0,48,48,48,Mage,Support,Mana,560,99,480,23.5,330,19,5.2,30,1.3,550,5.5,0.55,8,0.8,54,3.3,2,0.669
Malphite,Shard of the Monolith,5,9,7,2,champion,48,48,48,48,Tank,Fighter,Mana,644,104,280,60,335,37,4.95,28,2.05,125,7,0.55,7.32,0.55,62,4,3.4,0.736
Malzahar,the Prophet of the Void,2,2,9,6,champion,96,48,48,48,Mage,Assassin,Mana,580,101,375,27.5,335,18,4.7,30,1.3,500,6,0.6,8,0.8,55,3,1.5,0.625
Maokai,the Twisted Treant,3,8,6,3,champion,144,48,48,48,Tank,Mage,Mana,635,109,375,43,335,39,5.2,32,2.05,125,5,0.75,7.2,0.6,64,3.3,2.125,0.8
Master Yi,the Wuju Bladesman,10,4,2,4,champion,192,48,48,48,Assassin,Fighter,Mana,669,106,251,42,355,33,4.2,32,2.05,125,7.5,0.65,7.26,0.45,66,3,2,0.679
Miss Fortune,the Bounty Hunter,8,2,5,1,champion,240,48,48,48,Marksman,,Mana,640,107,300,35,325,28,4.2,30,1.3,550,3.75,0.65,8.04,0.65,52,2.7,3,0.656
Wukong,the Monkey King,8,5,2,3,champion,288,48,48,48,Fighter,Tank,Mana,610,99,300,65,345,31,4.7,28,2.05,175,2.5,0.65,8,0.65,68,3.5,3,0.711
Mordekaiser,the Iron Revenant,4,6,7,4,champion,336,48,48,48,Fighter,,Shield,645,104,100,0,335,37,4.2,32,2.05,175,5,0.75,0,0,61,4,1,0.625
Morgana,the Fallen,1,6,8,1,champion,384,48,48,48,Mage,Support,Mana,630,104,340,60,335,25,5,30,1.3,450,5.5,0.4,11,0.4,56,3.5,1.53,0.625
Nami,the Tidecaller,4,3,7,5,champion,432,48,48,48,Support,Mage,Mana,560,88,365,43,335,29,5.2,30,1.3,550,5.5,0.55,11.5,0.4,51,3.1,2.61,0.644
Nasus,the Curator of the Sands,7,5,6,6,champion,0,96,48,48,Fighter,Tank,Mana,631,104,326,62,350,34,4.7,32,2.05,125,9,0.9,7.44,0.5,67,3.5,3.48,0.638
Nautilus,the Titan of the Depths,4,6,6,6,champion,48,96,48,48,Tank,Fighter,Mana,646,100,400,47,325,39,4.95,32,2.05,175,8.5,0.55,8.63,0.5,61,3.3,1,0.706
Neeko,the Curious Chameleon,1,1,9,5,champion,96,96,48,48,Mage,Support,Mana,610,104,450,30,340,21,5.2,30,1.3,550,7.5,0.75,7,0.7,48,2.5,3.5,0.625
Nidalee,the Bestial Huntress,5,4,7,8,champion,144,96,48,48,Assassin,Mage,Mana,610,109,295,45,335,28,4.7,30,1.3,525,6,0.6,6,0.8,58,3.5,3.22,0.638
Nocturne,the Eternal Nightmare,9,5,2,4,champion,192,96,48,48,Assassin,Fighter,Mana,655,109,275,35,345,38,4.7,32,1.55,125,7,0.75,7,0.45,62,3.1,2.7,0.721
Nunu & Willump,the Boy and His Yeti,4,6,7,4,champion,240,96,48,48,Tank,Fighter,Mana,610,90,280,42,345,29,4.2,32,2.05,125,5,0.8,7,0.5,61,3,2.25,0.625
Olaf,the Berserker,9,5,3,3,champion,288,96,48,48,Fighter,Tank,Mana,645,119,316,50,350,35,4.2,32,2.05,125,8.5,0.9,7.5,0.6,68,4.7,2.7,0.694
Orianna,the Lady of Clockwork,4,3,9,7,champion,336,96,48,48,Mage,Support,Mana,600,105,418,25,325,17,4.2,26,1.3,525,7,0.55,8,0.8,40,2.6,3.5,0.658
Ornn,The Fire below the Mountain,5,9,3,5,champion,384,96,48,48,Tank,Fighter,Mana,660,109,340.6,65,335,33,5.2,32,2.05,175,9,0.9,8.01,0.6,69,3.5,2,0.625
Pantheon,the Unbreakable Spear,9,4,3,4,champion,432,96,48,48,Fighter,Assassin,Mana,650,109,317.12,31,345,40,4.95,28,2.05,175,7.5,0.65,7.36,0.45,64,3.3,2.95,0.644
Poppy,Keeper of the Hammer,6,7,2,6,champion,0,0,48,48,Tank,Fighter,Mana,610,104,280,40,345,38,4.7,32,2.05,125,8,0.8,7,0.7,64,4,2.5,0.625
Pyke,the Bloodharbor Ripper,9,3,1,7,champion,48,0,48,48,Support,Assassin,Mana,670,104,415,50,330,45,4.7,32,2.05,150,7,0.5,8,1,62,2,2.5,0.667
Qiyana,Empress of the Elements,0,2,4,8,champion,96,0,48,48,Assassin,Fighter,Mana,590,124,320,50,335,28,4.7,32,2.05,150,6,0.9,8,0.7,66,3.1,2.1,0.688
Quinn,Demacia's Wings,9,4,2,5,champion,144,0,48,48,Marksman,Assassin,Mana,603,99,269,35,335,28,4.7,30,1.3,525,5.5,0.55,6.97,0.4,59,2.4,3.1,0.668
Rakan,The Charmer,2,4,8,5,champion,192,0,48,48,Support,,Mana,610,99,315,50,335,32,5.1,32,2.05,300,5,0.5,8.75,0.5,62,3.5,3,0.635
Rammus,the Armordillo,4,10,5,5,champion,240,0,48,48,Tank,Fighter,Mana,634,94,310,33,335,36,5.5,32,2.05,125,8,0.55,7.84,0.5,56,2.4,2.215,0.656
Rek'Sai,the Void Burrower,8,5,2,3,champion,288,0,48,48,Fighter,,Rage,640,99,100,0,335,36,4.95,32,2.05,175,7.5,0.65,0,0,64,3,2,0.667
Rell,the Iron Maiden,0,0,0,0,champion,336,0,48,48,Tank,,Mana,610,104,350,45,335,32,4.2,32.1,2.05,175,7,0.55,6,0.35,55,3,2,0.55
Renata Glasc,the Chem-Baroness,2,6,9,8,champion,384,0,48,48,Support,Mage,Mana,595,94,350,50,330,27,4.7,30,1.3,550,5.5,0.55,11.5,0.5,51,3,2.11,0.625
Renekton,the Butcher of the Sands,8,5,2,3,champion,432,0,48,48,Fighter,Tank,Fury,660,111,100,0,345,35,5.2,32,2.05,125,8,0.75,0,0,69,4.15,2.75,0.665
Rengar,the Pridestalker,7,4,2,8,champion,0,48,48,48,Assassin,Fighter,Ferocity,655,104,4,0,345,34,4.2,32,2.05,125,7,0.5,0,0,68,3,3,0.667
Riven,the Exile,8,5,1,8,champion,48,48,48,48,Fighter,Assassin,None,630,100,0,0,340,33,4.4,32,2.05,125,8.5,0.5,0,0,64,3,3.5,0.625
Rumble,the Mechanized Menace,3,6,8,10,champion,96,48,48,48,Fighter,Mage,Heat,659,99,100,0,345,36,4.7,28,1.55,125,8,0.6,0,0,61,3.2,1.85,0.644
Ryze,the Rune Mage,2,2,10,7,champion,144,48,48,48,Mage,Fighter,Mana,645,124,300,70,340,22,4.2,36,1.3,550,8,0.8,8,1,58,3,2.112,0.625
Samira,the Desert Rose,8,5,3,6,champion,192,48,48,48,Marksman,,Mana,600,108,348.88,38,335,26,4.7,30,1.3,500,3.25,0.55,8.18,0.7,57,3,3.3,0.658
Sejuani,Fury of the North,5,7,6,4,champion,240,48,48,48,Tank,Fighter,Mana,630,114,400,40,340,34,5.45,32,2.05,150,8.5,1,7,0.7,66,4,3.5,0.688
Senna,the Redeemer,7,2,6,7,champion,288,48,48,48,Marksman,Support,Mana,590,89,350,45,330,28,4.7,30,1.3,600,3.5,0.55,11.5,0.4,50,0,4,0.625
Seraphine,the Starry-Eyed Songstress,0,0,0,0,champion,336,48,48,48,Mage,Support,Mana,570,104,440,40,325,19,4.2,30,1.3,525,6.5,0.6,8,1,55,3,1,0.625
Sett,the Boss,8,5,1,2,champion,384,48,48,48,Fighter,Tank,Grit,670,114,0,0,340,33,5.2,32,2.05,125,7,0.5,0,0,60,4,1.75,0.625
Shaco,the Demon Jester,8,4,6,9,champion,432,48,48,48,Assassin,,Mana,630,103,297,40,345,30,4.7,32,2.05,125,8.5,0.55,7.16,0.45,63,3,3,0.694
Shen,the Eye of Twilight,3,9,3,4,champion,0,96,48,48,Tank,,Energy,610,99,400,0,340,34,4.2,32,2.05,125,8.5,0.75,50,0,60,3,3,0.751
Shyvana,the Half-Dragon,8,6,3,4,champion,48,96,48,48,Fighter,Tank,Fury,665,109,100,0,350,38,4.55,32,2.05,125,8.5,0.8,0,0,66,3.4,2.5,0.658
Singed,the Mad Chemist,4,8,7,5,champion,96,96,48,48,Tank,Fighter,Mana,650,99,330,45,345,34,4.7,32,2.05,125,9.5,0.55,7.5,0.55,63,3.38,1.9,0.613
Sion,The Undead Juggernaut,5,9,3,5,champion,144,96,48,48,Tank,Fighter,Mana,615,87,330,42,345,32,4.2,32,2.05,175,7.5,0.8,8,0.6,68,4,1.3,0.679
Sivir,the Battle Mistress,9,3,1,4,champion,192,96,48,48,Marksman,,Mana,632,104,325,50,335,26,4.45,30,1.3,500,3.25,0.55,8,0.9,63,3,1.6,0.625
Skarner,the Crystal Vanguard,7,6,5,5,champion,240,96,48,48,Fighter,Tank,Mana,650,99,320,60,335,38,5,32,2.05,125,9,0.85,7.2,0.45,65,4.5,2.1,0.625
Sona,Maven of the Strings,5,2,8,4,champion,288,96,48,48,Support,Mage,Mana,550,91,340,45,325,26,4.2,30,1.3,550,5.5,0.55,11.5,0.4,49,3,2.3,0.644
Soraka,the Starchild,2,5,7,3,champion,336,96,48,48,Support,Mage,Mana,605,88,425,40,325,32,5,30,1.3,550,2.5,0.5,11.5,0.4,50,3,2.14,0.625
Swain,the Noxian Grand General,2,6,9,8,champion,384,96,48,48,Mage,Fighter,Mana,595,99,468,28.5,330,26,5.2,30,1.3,525,7,0.65,8,0.8,58,2.7,2.11,0.625
Sylas,the Unshackled,3,4,8,5,champion,432,96,48,48,Mage,Assassin,Mana,595,129,310,70,340,27,5.2,32,2.55,175,9,0.9,8,0.8,61,3,3.5,0.645
Syndra,the Dark Sovereign,2,3,9,8,champion,0,0,48,48,Mage,Support,Mana,593,104,480,40,330,25,4.6,30,1.3,550,6.5,0.6,8,0.8,54,2.9,2,0.625
Tahm Kench,The River King,3,9,6,5,champion,48,0,48,48,Support,Tank,Mana,640,109,325,50,335,42,4.7,32,2.05,175,6.5,0.55,8,1,56,3.2,2.5,0.658
Taliyah,the Stoneweaver,1,7,8,5,champion,96,0,48,48,Mage,Support,Mana,570,104,470,30,330,18,4.7,30,1.3,525,6.5,0.65,8,0.8,58,3.3,1.36,0.625
Talon,the Blade's Shadow,9,3,1,7,champion,144,0,48,48,Assassin,,Mana,658,109,377.2,37,335,30,4.7,39,2.05,125,8.5,0.75,7.6,0.8,68,3.1,2.9,0.625
Taric,the Shield of Valoran,4,8,5,3,champion,192,0,48,48,Support,Fighter,Mana,645,99,300,60,340,40,4.6,32,2.05,150,6,0.5,8.5,0.8,55,3.5,2,0.625
Teemo,the Swift Scout,5,3,7,6,champion,240,0,48,48,Marksman,Assassin,Mana,598,104,334,20,330,24,4.95,30,1.3,500,5.5,0.65,9.6,0.45,54,3,3.38,0.69
Thresh,the Chain Warden,5,6,6,7,champion,288,0,48,48,Support,Fighter,Mana,600,115,274,44,330,28,0,30,1.3,450,7,0.55,6,0.8,56,2.2,3.5,0.625
Tristana,the Yordle Gunner,9,3,5,4,champion,336,0,48,48,Marksman,Assassin,Mana,670,102,250,32,325,26,4.2,30,1.3,525,4,0.65,7.2,0.45,59,3.7,1.5,
Trundle,the Troll King,7,6,2,5,champion,384,0,48,48,Fighter,Tank,Mana,686,110,281,45,350,37,3.9,32,2.05,175,6,0.75,7.5,0.6,68,3,2.9,0.67
Tryndamere,the Barbarian King,10,5,2,5,champion,432,0,48,48,Fighter,Assassin,Fury,696,112,100,0,345,33,4.3,32,2.05,125,8.5,0.9,0,0,72,3.7,2.9,0.67
Twisted Fate,the Card Master,6,2,6,9,champion,0,48,48,48,Mage,,Mana,604,108,333,39,330,21,4.35,30,1.3,525,5.5,0.6,8,0.8,52,3.3,3.22,0.651
Twitch,the Plague Rat,9,2,3,6,champion,48,48,48,48,Marksman,Assassin,Mana,682,100,287.2,40,330,27,4.2,30,1.3,550,3.75,0.6,7.26,0.45,59,3.11,3.38,0.679
Udyr,the Spirit Walker,8,7,4,7,champion,96,48,48,48,Fighter,Tank,Mana,664,106,271,50,350,34,5.2,32,2.05,125,6,0.75,7.5,0.45,64,5,2.67,0.658
Urgot,the Dreadnought,8,5,3,8,champion,144,48,48,48,Fighter,Tank,Mana,655,102,340,45,330,36,5.45,32,2.05,350,7.5,0.7,7.25,0.8,63,4,3.75,0.625
Varus,the Arrow of Retribution,7,3,4,2,champion,192,48,48,48,Marksman,Mage,Mana,600,105,360,40,330,27,4.6,30,1.3,575,3.5,0.55,8,0.8,59,3.4,4,0.658
Vayne,the Night Hunter,10,1,1,8,champion,240,48,48,48,Marksman,Assassin,Mana,585,103,231.8,35,330,23,4.6,30,1.3,550,3.5,0.55,6.97,0.4,60,2.36,3.3,0.658
Veigar,the Tiny Master of Evil,2,2,10,7,champion,288,48,48,48,Mage,,Mana,575,108,490,26,340,21,5.2,32,1.3,550,6.5,0.6,8,0.8,52,2.7,2.24,0.625
Vel'Koz,the Eye of the Void,2,2,10,8,champion,336,48,48,48,Mage,,Mana,590,102,469,21,340,22,4.7,30,1.3,525,5.5,0.55,8,0.8,55,3.1416,1.36,0.625
Vex,the Gloomist,0,0,0,0,champion,384,48,48,48,Mage,,Mana,590,104,490,32,335,23,4.45,28,1.3,550,6.5,0.6,6,0.8,54,2.75,1,0.669
Vi,the Piltover Enforcer,8,5,3,4,champion,432,48,48,48,Fighter,Assassin,Mana,655,99,295,65,340,30,4.7,32,2.05,125,10,1,8,0.65,63,3,2,0.644
Viego,The Ruined King,6,4,2,5,champion,0,96,48,48,Assassin,Fighter,None,630,109,10000,0,345,34,5.2,32,2.05,200,7,0.7,0,0,57,3.5,2.5,0.658
Viktor,the Machine Herald,2,4,10,9,champion,48,96,48,48,Mage,,Mana,600,104,405,45,335,23,5.2,30,1.3,525,8,0.65,8,0.8,53,3,2.11,0.658
Vladimir,the Crimson Reaper,2,6,8,7,champion,96,96,48,48,Mage,,Crimson Rush,607,110,2,0,330,27,4.5,30,1.3,450,7,0.6,0,0,55,3,2,0.658
Volibear,the Relentless Storm,7,7,4,3,champion,144,96,48,48,Fighter,Tank,Mana,650,104,350,70,340,31,5.2,32,2.05,150,9,0.75,6.25,0.5,60,3.5,2,0.625
Warwick,the Uncaged Wrath of Zaun,9,5,3,3,champion,192,96,48,48,Fighter,Tank,Mana,620,99,280,35,335,33,4.4,32,2.05,125,4,0.75,7.47,0.58,65,3,2.3,0.638
Xayah,the Rebel,10,6,1,5,champion,240,96,48,48,Marksman,,Mana,660,102,340,40,330,25,4.2,30,1.3,525,3.25,0.75,8.25,0.75,60,3.5,3.9,0.625
Xerath,the Magus Ascendant,1,3,10,8,champion,288,96,48,48,Mage,,Mana,596,106,459,22,340,22,4.7,30,1.3,525,5.5,0.55,8,0.8,55,3,1.36,0.625
Xin Zhao,the Seneschal of Demacia,8,6,3,2,champion,336,96,48,48,Fighter,Assassin,Mana,640,106,274,55,345,35,4.7,32,2.05,175,8,0.7,7.26,0.45,63,3,3.5,0.645
Yasuo,the Unforgiven,8,4,4,10,champion,384,96,48,48,Fighter,Assassin,Flow,590,101,100,0,345,30,4.6,32,2.05,175,6.5,0.9,0,0,60,3,3.5,0.697
Yone,the Unforgotten,8,4,4,8,champion,432,96,48,48,Assassin,Fighter,Flow,620,99,500,0,345,28,4.6,32,2.05,175,7.5,0.75,0,0,60,2,3.5,0.625
Yorick,Shepherd of Souls,6,6,4,6,champion,0,0,48,48,Fighter,Tank,Mana,650,114,300,60,340,39,5.2,32,2.05,175,8,0.8,7.5,0.75,62,5,2,0.625
Yuumi,the Magical Cat,5,1,8,2,champion,48,0,48,48,Support,Mage,Mana,550,84,400,45,330,25,4.2,25,1.1,500,7,0.55,10,0.4,55,3.1,1,0.625
Zac,the Secret Weapon,3,7,7,8,champion,96,0,48,48,Tank,Fighter,None,685,109,0,0,340,33,4.7,32,2.05,175,8,0.5,0,0,60,3.4,1.6,0.736
Zed,the Master of Shadows,9,2,1,7,champion,144,0,48,48,Assassin,,Energy,654,99,200,0,345,32,4.7,32,2.05,125,7,0.65,50,0,63,3.4,3.3,0.651
Zeri,The Spark of Zaun,8,5,3,6,champion,192,0,48,48,Marksman,,Mana,600,109,250,45,325,20,4.2,30,1.3,500,3.25,0.55,6,0.8,50,1.5,2,0.658
Ziggs,the Hexplosives Expert,2,4,9,4,champion,240,0,48,48,Mage,,Mana,606,106,480,23.5,325,22,4.5,30,1.3,550,6.5,0.6,8,0.8,54,3.1,2,0.656
Zilean,the Chronokeeper,2,5,8,6,champion,288,0,48,48,Support,Mage,Mana,574,96,452,50,335,24,5,30,1.3,550,5.5,0.5,11.34,0.8,52,3,2.13,0.625
Zoe,the Aspect of Twilight,1,7,8,5,champion,336,0,48,48,Mage,Support,Mana,630,106,425,25,340,21,4.7,30,1.3,550,6.5,0.6,8,0.65,58,3.3,2.5,0.625
Zyra,Rise of the Thorns,4,3,8,7,champion,384,0,48,48,Mage,Support,Mana,574,93,418,25,340,29,4.2,30,1.3,575,5.5,0.5,13,0.4,53,3.2,2.11,0.625
